{
  "Actor": {
    "types": [
      "character",
      "npc"
    ],
    "templates": {
      "common": {
        "version": 2
      }
    },
    "character": {
      "templates": [
        "common"
      ],
      "stats": {
        "edge": {
          "value": 0
        },
        "heart": {
          "value": 0
        },
        "iron": {
          "value": 0
        },
        "shadow": {
          "value": 0
        },
        "wits": {
          "value": 0
        }
      },
      "tracks": {
        "health": {
          "value": 5
        },
        "spirit": {
          "value": 5
        },
        "supply": {
          "value": 5
        },
        "momentum": {
          "value": 2,
          "max": 10,
          "reset": 2
        }
      },
      "experience": {
        "earned": 0,
        "spent": 0
      },
      "details": {
        "biography": {
          "value": ""
        }
      },
      "equipment": {
        "value": []
      },
      "vows": {
        "value": []
      },
      "bonds": {
        "value": []
      },
      "debilities": {
        "conditions": {
          "wounded": false,
          "shaken": false,
          "unprepared": false,
          "encumbered": false
        },
        "banes": {
          "maimed": false,
          "corrupted": false
        },
        "burdens": {
          "cursed": false,
          "tormented": false
        }
      }
    },
    "npc": {
      "templates": [
        "common"
      ],
      "rank": 0,
      "progress": {
        "value": [0, 0, 0, 0, 0, 0, 0, 0, 0, 0]
      },
      "features": {
        "value": ""
      },
      "drives": {
        "value": ""
      },
      "tactics": {
        "value": ""
      }
    }
  },
  "Item": {
    "types": [
      "equipment",
      "vow",
      "bond",
      "asset",
      "move",
      "track"
    ],
    "templates": {
      "common": {
        "version": 2
      }
    },
    "equipment": {
      "templates": [
        "common"
      ],
      "description": {
        "value": ""
      },
      "quantity": 1
    },
    "vow": {
      "templates": [
        "common"
      ],
      "description": {
        "value": ""
      },
      "rank": 0,
      "progress": {
        "value": [0, 0, 0, 0, 0, 0, 0, 0, 0, 0]
      },
      "complete": false
    },
    "bond": {
      "templates": [
        "common"
      ],
      "description": {
        "value": ""
      }
    },
    "asset": {
      "templates": [
        "common"
      ],
      "type": {
        "value": 0
      },
      "limit": {
        "value": ""
      },
      "abilities": {
        "value": []
      }
    },
    "move": {
      "templates": [
        "common"
      ],
      "description": {
        "value": ""
      }
    },
    "track": {
      "templates": [
        "common"
      ],
      "description": {
        "value": ""
      },
      "rank": 0,
      "progress": {
        "value": [0, 0, 0, 0, 0, 0, 0, 0, 0, 0]
      },
      "complete": false
    }
  }
}